Snoring Rate,Respiratory Rate,Body Temperature,Limb Movement,Blood Oxygen,Eye Movement,Sleep Hours,Heart Rate
49.16,17.664,98.496,7.328,96.664,76.64,8.664,54.16
80.96,22.256,90.128,12.32,88.128,95.32,0.128,65.64
64.8,20.48,92.48,10.48,90.48,87.4,2.72,61.2
48.72,17.488,98.232,6.976,96.488,74.88,8.488,53.72
82.64,22.704,90.352,12.88,88.352,95.88,0.352,66.76
60.32,20.032,92.032,10.032,90.032,85.16,2.048,60.08
94.04,25.744,91.872,16.68,89.872,99.68,1.872,74.36
56.48,19.296,95.296,9.296,93.944,83.24,6.296,58.24
47.6,17.04,97.56,6.08,96.04,70.4,8.04,52.6
46.92,16.768,97.152,5.536,95.768,67.68,7.768,51.92
74.4,21.44,93.44,11.44,91.44,92.2,4.16,63.6
96.256,26.256,85.32,17.128,82.384,100.32,0.0,75.64
75.68,21.568,93.568,11.568,91.568,92.84,4.352,63.92
65.12,20.512,92.512,10.512,90.512,87.56,2.768,61.28
50.16,18.032,94.032,8.032,92.048,80.08,5.032,55.08
96.8,26.8,86.0,17.4,83.2,101.0,0.0,77.0
60.0,20.0,96.0,10.0,95.0,85.0,7.0,60.0
99.36,29.36,89.2,18.68,87.04,104.2,0.0,83.4
57.04,19.408,95.408,9.408,94.112,83.52,6.408,58.52
73.6,21.36,93.36,11.36,91.36,91.8,4.04,63.4
47.8,17.12,97.68,6.24,96.12,71.2,8.12,52.8
45.12,16.048,96.072,4.096,95.048,60.48,7.048,50.12
96.576,26.576,85.72,17.288,82.864,100.72,0.0,76.44
48.44,17.376,98.064,6.752,96.376,73.76,8.376,53.44
49.96,17.984,98.976,7.968,96.984,79.84,8.984,54.96
68.96,20.896,92.896,10.896,90.896,89.48,3.344,62.24
96.32,26.32,85.4,17.16,82.48,100.4,0.0,75.8
47.48,16.992,97.488,5.984,95.992,69.92,7.992,52.48
69.6,20.96,92.96,10.96,90.96,89.8,3.44,62.4
78.72,21.872,93.872,11.872,91.872,94.36,4.808,64.68
66.08,20.608,92.608,10.608,90.608,88.04,2.912,61.52
47.12,16.848,97.272,5.696,95.848,68.48,7.848,52.12
74.88,21.488,93.488,11.488,91.488,92.44,4.232,63.72
64.32,20.432,92.432,10.432,90.432,87.16,2.648,61.08
97.184,27.184,86.48,17.592,83.776,101.48,0.0,77.96
49.2,17.68,98.52,7.36,96.68,76.8,8.68,54.2
87.32,23.952,90.976,14.44,88.976,97.44,0.976,69.88
71.68,21.168,93.168,11.168,91.168,90.84,3.752,62.92
95.0,26.0,92.0,17.0,90.0,100.0,2.0,75.0
82.52,22.672,90.336,12.84,88.336,95.84,0.336,66.68
98.496,28.496,88.12,18.248,85.744,103.12,0.0,81.24
98.72,28.72,88.4,18.36,86.08,103.4,0.0,81.8
52.4,18.48,94.48,8.48,92.72,81.2,5.48,56.2
47.08,16.832,97.248,5.664,95.832,68.32,7.832,52.08
97.152,27.152,86.44,17.576,83.728,101.44,0.0,77.88
52.08,18.416,94.416,8.416,92.624,81.04,5.416,56.04
51.76,18.352,94.352,8.352,92.528,80.88,5.352,55.88
85.52,23.472,90.736,13.84,88.736,96.84,0.736,68.68
90.08,24.688,91.344,15.36,89.344,98.36,1.344,71.72
80.72,22.192,90.096,12.24,88.096,95.24,0.096,65.48
54.32,18.864,94.864,8.864,93.296,82.16,5.864,57.16
89.84,24.624,91.312,15.28,89.312,98.28,1.312,71.56
73.44,21.344,93.344,11.344,91.344,91.72,4.016,63.36
81.92,22.512,90.256,12.64,88.256,95.64,0.256,66.28
45.4,16.16,96.24,4.32,95.16,61.6,7.16,50.4
53.44,18.688,94.688,8.688,93.032,81.72,5.688,56.72
48.56,17.424,98.136,6.848,96.424,74.24,8.424,53.56
54.24,18.848,94.848,8.848,93.272,82.12,5.848,57.12
82.28,22.608,90.304,12.76,88.304,95.76,0.304,66.52
49.12,17.648,98.472,7.296,96.648,76.48,8.648,54.12
83.0,22.8,90.4,13.0,88.4,96.0,0.4,67.0
89.72,24.592,91.296,15.24,89.296,98.24,1.296,71.48
45.68,16.272,96.408,4.544,95.272,62.72,7.272,50.68
65.6,20.56,92.56,10.56,90.56,87.8,2.84,61.4
49.44,17.776,98.664,7.552,96.776,77.76,8.776,54.44
56.16,19.232,95.232,9.232,93.848,83.08,6.232,58.08
97.536,27.536,86.92,17.768,84.304,101.92,0.0,78.84
62.72,20.272,92.272,10.272,90.272,86.36,2.408,60.68
85.28,23.408,90.704,13.76,88.704,96.76,0.704,68.52
49.72,17.888,98.832,7.776,96.888,78.88,8.888,54.72
64.64,20.464,92.464,10.464,90.464,87.32,2.696,61.16
89.96,24.656,91.328,15.32,89.328,98.32,1.328,71.64
53.92,18.784,94.784,8.784,93.176,81.96,5.784,56.96
99.072,29.072,88.84,18.536,86.608,103.84,0.0,82.68
87.44,23.984,90.992,14.48,88.992,97.48,0.992,69.96
99.104,29.104,88.88,18.552,86.656,103.88,0.0,82.76
82.16,22.576,90.288,12.72,88.288,95.72,0.288,66.44
50.48,18.096,94.096,8.096,92.144,80.24,5.096,55.24
71.84,21.184,93.184,11.184,91.184,90.92,3.776,62.96
93.68,25.648,91.824,16.56,89.824,99.56,1.824,74.12
83.36,22.896,90.448,13.12,88.448,96.12,0.448,67.24
98.336,28.336,87.92,18.168,85.504,102.92,0.0,80.84
84.2,23.12,90.56,13.4,88.56,96.4,0.56,67.8
98.688,28.688,88.36,18.344,86.032,103.36,0.0,81.72
56.56,19.312,95.312,9.312,93.968,83.28,6.312,58.28
99.328,29.328,89.16,18.664,86.992,104.16,0.0,83.32
76.8,21.68,93.68,11.68,91.68,93.4,4.52,64.2
79.36,21.936,93.936,11.936,91.936,94.68,4.904,64.84
51.92,18.384,94.384,8.384,92.576,80.96,5.384,55.96
83.48,22.928,90.464,13.16,88.464,96.16,0.464,67.32
96.48,26.48,85.6,17.24,82.72,100.6,0.0,76.2
53.76,18.752,94.752,8.752,93.128,81.88,5.752,56.88
62.08,20.208,92.208,10.208,90.208,86.04,2.312,60.52
96.384,26.384,85.48,17.192,82.576,100.48,0.0,75.96
97.216,27.216,86.52,17.608,83.824,101.52,0.0,78.04
65.92,20.592,92.592,10.592,90.592,87.96,2.888,61.48
97.408,27.408,86.76,17.704,84.112,101.76,0.0,78.52
96.928,26.928,86.16,17.464,83.392,101.16,0.0,77.32
76.48,21.648,93.648,11.648,91.648,93.24,4.472,64.12
98.656,28.656,88.32,18.328,85.984,103.32,0.0,81.64
96.64,26.64,85.8,17.32,82.96,100.8,0.0,76.6
47.36,16.944,97.416,5.888,95.944,69.44,7.944,52.36
52.48,18.496,94.496,8.496,92.744,81.24,5.496,56.24
69.28,20.928,92.928,10.928,90.928,89.64,3.392,62.32
53.12,18.624,94.624,8.624,92.936,81.56,5.624,56.56
50.56,18.112,94.112,8.112,92.168,80.28,5.112,55.28
50.0,18.0,94.0,8.0,92.0,80.0,5.0,55.0
54.4,18.88,94.88,8.88,93.32,82.2,5.88,57.2
81.2,22.32,90.16,12.4,88.16,95.4,0.16,65.8
56.0,19.2,95.2,9.2,93.8,83.0,6.2,58.0
61.6,20.16,92.16,10.16,90.16,85.8,2.24,60.4
99.648,29.648,89.56,18.824,87.472,104.56,0.0,84.12
57.68,19.536,95.536,9.536,94.304,83.84,6.536,58.84
91.52,25.072,91.536,15.84,89.536,98.84,1.536,72.68
47.24,16.896,97.344,5.792,95.896,68.96,7.896,52.24
49.52,17.808,98.712,7.616,96.808,78.08,8.808,54.52
54.0,18.8,94.8,8.8,93.2,82.0,5.8,57.0
48.24,17.296,97.944,6.592,96.296,72.96,8.296,53.24
96.16,26.16,85.2,17.08,82.24,100.2,0.0,75.4
45.48,16.192,96.288,4.384,95.192,61.92,7.192,50.48
71.36,21.136,93.136,11.136,91.136,90.68,3.704,62.84
84.92,23.312,90.656,13.64,88.656,96.64,0.656,68.28
71.52,21.152,93.152,11.152,91.152,90.76,3.728,62.88
65.28,20.528,92.528,10.528,90.528,87.64,2.792,61.32
99.712,29.712,89.64,18.856,87.568,104.64,0.0,84.28
89.24,24.464,91.232,15.08,89.232,98.08,1.232,71.16
